{"cameraMode":{"drawMode":0,"name":"Shaded","section":"Shading Mode"},"sceneLighting":true,"audioPlay":false,"sceneViewState":{"m_AlwaysRefresh":false,"showFog":true,"showSkybox":true,"showFlares":true,"showImageEffects":true,"showParticleSystems":true,"showVisualEffectGraphs":true,"m_FxEnabled":true},"in2DMode":false,"pivot":{"x":0.11239828914403916,"y":1.4487110376358033,"z":20.596609115600587},"rotation":{"x":0.0016769296489655972,"y":-0.7149141430854797,"z":0.0017139875562861562,"w":0.699214518070221},"size":22.121606826782228,"orthographic":true}